Boy (,19 90,20 110,24 130,29 150,37 168,48 184,63 196,81 204,104 203,125 201,141 194,154 182,163 165,169 147,174 127,176 107,177 87,32 59,40 47,55 42,71 44,85 51,109 50,123 41,139 39,154 43,164 56,98 71,99 86,100 101,101 116,85 130,93 131,101 132,109 130,117 128,47 83,56 78,67 77,78 83,67 86,56 87,119 81,130 76,141 75,150 80,142 84,131 84,72 158,83 150,94 145,103 147,111 144,121 149,132 156,121 164,111 167,102 168,93 168,82 165,77 157,94 153,103 154,111 152,128 156,111 155,103 156,94 155
Boy (,18 91,19 110,23 129,27 148,33 166,44 183,59 195,77 203,100 202,120 201,137 196,150 184,160 168,166 150,170 131,172 111,172 92,34 58,43 46,57 42,73 43,87 51,109 50,123 42,139 41,153 45,161 59,99 71,100 84,100 97,101 110,84 127,92 128,101 130,108 128,115 127,48 83,56 77,67 77,78 82,68 85,56 86,118 82,129 77,140 76,148 81,140 85,129 85,69 159,81 152,93 146,101 148,109 145,119 150,130 157,119 165,109 169,100 170,91 170,79 167,74 159,92 156,101 157,109 156,125 157,109 155,100 157,92 157
Boy (,17 89,18 110,22 129,26 149,33 167,44 184,58 196,76 203,99 203,120 202,138 196,152 185,162 169,167 150,171 130,174 110,175 90,31 59,40 46,55 41,71 42,86 49,110 48,125 41,140 39,154 44,162 57,98 71,99 85,99 98,100 111,84 129,92 130,100 131,108 129,115 128,47 82,55 77,66 76,78 82,67 85,55 86,118 82,129 76,140 76,148 81,141 85,129 85,68 160,80 152,92 146,100 149,109 146,119 150,130 157,119 165,108 170,99 171,90 171,79 167,73 159,92 157,100 157,109 156,126 157,108 156,100 158,91 157
Boy (,2 90,5 109,9 128,16 146,26 162,41 176,59 187,79 196,97 198,112 194,122 183,129 171,135 155,138 139,141 124,142 109,140 94,35 61,46 50,61 47,76 49,90 57,109 59,118 53,127 52,136 55,140 66,101 78,104 89,107 101,110 113,90 127,98 128,105 129,110 128,115 126,50 82,59 78,70 77,77 85,69 87,59 87,113 87,122 82,130 81,134 87,130 91,122 90,73 153,86 147,98 143,105 144,112 142,118 147,122 153,117 160,111 163,104 164,97 164,86 161,78 153,97 152,105 152,111 151,118 153,111 152,105 153,98 152
Boy (,54 99,53 116,55 133,59 150,66 166,73 181,80 195,91 204,109 204,131 202,152 195,171 185,187 168,197 148,202 126,204 102,203 79,50 67,54 57,62 54,72 55,82 60,99 54,116 42,135 37,154 40,169 51,92 78,89 92,86 105,84 119,78 134,85 137,92 138,101 134,111 131,58 91,62 83,71 83,83 89,72 92,63 94,121 82,129 72,140 70,152 75,143 80,131 82,77 168,80 159,87 153,95 155,103 150,117 153,134 158,121 169,109 175,99 177,91 177,83 174,81 167,89 163,97 162,105 160,128 159,106 161,97 163,90 163
Girl (,27 81,27 101,30 119,35 138,42 156,53 173,66 188,82 200,101 202,121 200,140 192,156 180,168 163,176 144,181 124,185 103,186 83,34 61,43 50,57 47,71 50,84 55,107 54,123 49,140 47,157 51,169 61,96 76,96 92,95 107,95 123,81 130,88 133,97 135,106 133,115 129,48 78,56 72,67 72,76 81,66 83,55 83,121 80,130 71,141 71,151 77,142 82,131 82,72 154,80 148,90 144,97 145,105 143,115 145,127 151,115 161,105 167,98 168,90 167,81 162,76 154,90 150,97 151,105 149,122 151,105 158,97 160,90 159
Girl (,46 96,45 112,46 127,52 144,59 160,67 176,77 190,87 202,104 204,124 202,147 197,169 187,186 171,197 150,200 126,200 101,199 77,40 64,44 56,53 54,62 55,71 59,89 55,105 46,124 43,143 46,159 54,82 79,80 93,78 107,75 121,73 132,78 136,85 137,93 134,101 130,51 87,55 79,64 79,73 86,64 88,56 89,110 80,118 70,129 70,141 74,131 79,120 81,72 161,75 154,81 150,87 151,93 148,107 151,125 154,111 168,99 174,92 176,85 176,78 171,75 161,83 157,89 157,95 156,119 156,96 166,89 167,83 167
Girl (,23 70,21 91,21 113,25 136,32 157,42 177,53 194,67 207,86 211,108 209,128 199,145 183,158 166,168 146,174 126,177 104,177 83,42 48,51 47,61 50,70 54,78 61,99 62,110 57,124 54,136 55,147 60,87 78,86 94,84 110,83 126,68 131,75 135,83 138,93 136,101 132,50 73,56 69,65 70,72 77,63 78,55 77,108 81,116 75,127 75,135 81,126 83,117 83,58 161,67 156,76 155,83 157,91 155,102 157,112 165,103 176,91 181,83 181,75 180,66 174,63 163,76 161,83 162,91 162,108 165,91 169,84 169,76 168
Girl (,-2 77,-4 101,-3 125,0 148,10 168,28 182,47 193,67 200,85 202,100 199,108 188,114 174,121 159,129 143,134 128,135 111,134 96,40 51,54 44,71 43,86 47,99 54,116 59,123 57,130 56,136 58,139 64,106 81,108 93,111 105,114 117,90 128,98 130,105 132,111 132,117 130,53 72,63 67,73 69,80 79,71 79,62 77,113 85,120 77,127 77,130 85,126 87,119 87,69 149,84 146,97 146,103 148,107 147,112 150,111 155,107 164,102 168,97 168,91 166,80 160,72 150,95 151,101 152,105 152,110 154,104 160,100 160,94 159
Girl (,28 82,24 102,22 123,23 143,28 162,40 178,56 190,74 198,94 203,115 204,137 200,158 193,174 180,184 163,191 145,196 127,199 108,54 60,68 59,82 60,95 64,107 70,123 76,137 74,152 76,165 82,174 89,111 91,109 103,108 114,106 126,92 135,97 139,103 142,109 143,116 142,68 81,77 79,86 81,92 88,84 89,75 86,130 98,140 95,149 98,155 104,147 105,138 103,77 159,88 157,97 157,101 160,107 160,116 165,125 172,112 170,103 167,98 166,93 163,86 161,82 159,96 163,100 165,106 166,120 170,105 159,100 157,95 155
Girl (,33 86,33 106,36 124,42 143,50 161,61 177,74 192,88 202,106 204,128 204,150 198,168 185,183 167,191 145,196 121,198 98,198 74,35 62,43 53,55 51,68 52,80 57,100 54,117 47,136 45,154 47,171 55,92 77,92 94,91 110,91 126,78 131,87 136,97 138,108 134,118 129,47 82,54 76,65 76,77 83,65 85,54 85,119 80,129 71,141 70,153 74,143 79,131 80,72 157,79 150,90 147,98 148,107 146,124 147,140 151,127 172,111 182,102 184,92 183,81 174,76 158,91 152,99 153,108 151,136 152,109 173,100 176,91 175
Girl (,24 81,23 102,26 121,30 140,37 159,48 175,62 189,77 199,96 202,117 202,137 196,153 183,166 166,174 145,180 123,183 101,183 79,33 59,45 51,58 50,73 51,86 56,108 57,123 51,138 49,154 51,168 59,97 77,97 92,98 108,98 123,83 129,91 133,99 136,108 133,118 130,48 79,56 73,67 74,77 82,66 83,56 83,121 82,130 73,142 73,152 78,142 83,131 83,68 149,79 146,91 146,99 149,107 147,120 150,134 152,119 172,106 178,97 179,88 176,77 168,72 151,91 151,99 153,106 153,130 154,106 171,98 171,89 169
Girl (,26 77,25 97,28 117,33 136,41 155,52 173,67 187,84 199,102 202,120 201,137 191,152 177,163 160,171 141,176 120,180 100,180 79,36 59,47 50,60 48,75 50,89 55,113 55,128 50,142 49,156 52,167 60,101 74,101 90,101 105,101 121,87 128,94 131,101 133,109 131,117 128,51 76,60 71,71 71,80 79,70 82,59 81,123 79,131 71,142 70,152 75,143 81,132 81,74 153,85 150,96 147,102 149,108 147,118 149,129 153,118 164,109 169,101 170,94 169,84 163,79 153,95 152,101 153,108 152,125 153,109 162,102 163,95 162
Girl (,15 72,15 95,18 118,24 141,33 163,46 183,62 200,80 212,102 215,123 212,142 199,157 181,171 161,179 139,184 115,185 92,185 69,33 49,45 41,59 40,74 43,87 49,108 49,121 42,135 39,150 40,163 46,98 63,98 79,98 94,98 110,80 121,89 124,99 127,109 124,118 121,47 65,57 60,67 59,77 65,67 67,57 68,119 64,129 58,140 59,149 64,140 67,130 67,65 154,77 148,90 146,99 147,108 145,122 147,135 153,125 166,110 172,100 173,90 172,76 166,70 154,90 153,99 153,108 152,130 154,109 159,100 161,90 160
Hari (,16 89,18 110,22 131,26 150,34 168,45 182,59 194,78 202,96 201,115 200,131 191,146 180,160 165,169 148,175 127,176 104,175 82,28 69,39 58,54 54,70 54,86 59,103 57,117 51,133 49,148 52,158 63,96 77,98 93,101 109,103 126,83 135,92 137,101 140,111 137,119 134,46 84,54 78,66 77,76 85,65 88,54 89,115 82,123 73,134 73,143 78,136 84,125 84,69 163,81 157,93 152,102 154,109 152,120 155,130 162,119 169,108 172,99 173,90 173,79 169,74 163,92 160,101 161,109 160,126 163,108 161,100 163,91 162
Hari (,15 72,15 95,18 118,24 141,33 163,46 183,62 200,80 212,102 215,123 212,142 199,157 181,171 161,179 139,184 115,185 92,185 69,33 49,45 41,59 40,74 43,87 49,108 49,121 42,135 39,150 40,163 46,98 63,98 79,98 94,98 110,80 121,89 124,99 127,109 124,118 121,47 65,57 60,67 59,77 65,67 67,57 68,119 64,129 58,140 59,149 64,140 67,130 67,65 154,77 148,90 146,99 147,108 145,122 147,135 153,125 166,110 172,100 173,90 172,76 166,70 154,90 153,99 153,108 152,130 154,109 159,100 161,90 160
Hari (,17 85,18 105,21 124,25 144,33 162,45 177,61 186,79 193,100 194,119 191,136 182,151 172,162 157,168 138,170 118,171 98,169 79,29 66,38 54,52 49,68 48,82 54,104 55,117 48,132 47,146 51,156 63,95 72,97 88,100 103,102 119,81 126,91 130,102 134,111 130,120 125,46 75,55 68,66 68,75 76,65 78,54 79,113 76,122 68,132 67,140 73,133 77,122 78,71 155,84 149,96 146,103 148,110 146,120 148,129 152,119 158,109 159,102 160,95 159,84 158,76 153,96 152,103 153,110 151,126 151,109 152,102 153,95 152
Hari (,22 91,25 112,29 132,34 151,42 168,54 182,71 191,89 196,108 197,126 192,143 183,159 174,171 159,176 140,178 120,177 100,176 80,32 70,41 58,55 53,71 52,85 57,103 56,118 50,133 48,148 52,158 62,96 76,98 92,101 107,103 122,84 131,94 134,104 137,113 133,121 129,49 84,57 78,68 77,78 84,68 87,57 88,115 82,124 74,134 73,143 78,136 83,125 84,75 158,87 152,98 149,106 150,113 148,123 150,135 153,124 160,114 163,106 164,98 165,87 163,80 157,98 155,106 155,114 154,130 153,113 154,105 156,97 156
Hari (,15 72,15 95,18 118,24 141,33 163,46 183,62 200,80 212,102 215,123 212,142 199,157 181,171 161,179 139,184 115,185 92,185 69,33 49,45 41,59 40,74 43,87 49,108 49,121 42,135 39,150 40,163 46,98 63,98 79,98 94,98 110,80 121,89 124,99 127,109 124,118 121,47 65,57 60,67 59,77 65,67 67,57 68,119 64,129 58,140 59,149 64,140 67,130 67,65 154,77 148,90 146,99 147,108 145,122 147,135 153,125 166,110 172,100 173,90 172,76 166,70 154,90 153,99 153,108 152,130 154,109 159,100 161,90 160
Hari (,21 91,24 112,28 132,34 153,42 170,55 185,72 194,90 199,110 199,128 195,146 187,162 177,173 161,178 142,179 121,179 100,178 80,31 71,41 59,55 54,71 53,86 58,104 57,119 51,134 49,150 53,161 63,97 77,99 93,101 108,103 124,84 132,94 136,104 139,114 134,123 129,49 86,56 80,67 79,78 85,68 88,57 89,116 83,125 75,136 74,145 79,137 84,126 85,76 161,87 154,98 151,106 152,114 150,125 151,136 155,126 161,116 165,108 167,99 167,88 166,81 160,99 157,107 157,114 156,132 155,115 157,107 159,99 159
Hari (,15 72,15 95,18 118,24 141,33 163,46 183,62 200,80 212,102 215,123 212,142 199,157 181,171 161,179 139,184 115,185 92,185 69,33 49,45 41,59 40,74 43,87 49,108 49,121 42,135 39,150 40,163 46,98 63,98 79,98 94,98 110,80 121,89 124,99 127,109 124,118 121,47 65,57 60,67 59,77 65,67 67,57 68,119 64,129 58,140 59,149 64,140 67,130 67,65 154,77 148,90 146,99 147,108 145,122 147,135 153,125 166,110 172,100 173,90 172,76 166,70 154,90 153,99 153,108 152,130 154,109 159,100 161,90 160
Hari (,15 72,15 95,18 118,24 141,33 163,46 183,62 200,80 212,102 215,123 212,142 199,157 181,171 161,179 139,184 115,185 92,185 69,33 49,45 41,59 40,74 43,87 49,108 49,121 42,135 39,150 40,163 46,98 63,98 79,98 94,98 110,80 121,89 124,99 127,109 124,118 121,47 65,57 60,67 59,77 65,67 67,57 68,119 64,129 58,140 59,149 64,140 67,130 67,65 154,77 148,90 146,99 147,108 145,122 147,135 153,125 166,110 172,100 173,90 172,76 166,70 154,90 153,99 153,108 152,130 154,109 159,100 161,90 160
Hari (,53 93,53 109,55 128,59 145,65 161,72 177,77 190,86 200,100 202,119 200,142 194,165 185,185 171,197 151,202 127,203 101,202 76,49 66,52 59,60 57,69 58,78 62,94 59,110 51,128 50,146 53,162 62,88 79,85 95,83 111,81 128,73 136,80 141,89 144,100 140,110 135,57 86,61 80,70 80,80 86,70 89,62 90,115 83,122 75,134 75,146 79,135 85,124 86,75 163,79 158,86 155,93 157,102 154,116 154,131 159,117 166,105 171,95 173,87 173,80 170,78 163,86 162,94 162,103 161,125 159,103 160,94 162,86 161
Hari (,56 92,55 109,55 126,60 143,66 158,71 174,78 187,87 196,100 198,117 195,139 190,162 182,182 170,196 151,200 129,201 104,202 81,51 62,54 55,61 53,71 54,80 57,96 55,112 48,130 47,147 50,162 58,88 76,85 92,83 108,81 125,74 133,81 138,89 141,98 136,108 132,58 83,63 77,72 77,80 83,72 86,63 87,116 80,124 73,134 73,145 77,135 81,125 82,74 160,77 155,84 152,91 153,99 150,112 152,127 155,113 162,102 167,93 169,86 169,79 166,76 159,85 159,92 159,100 158,122 155,100 158,92 160,85 160
Hari (,13 73,12 96,14 119,20 142,29 164,43 184,59 201,79 213,101 216,122 212,141 200,156 182,169 162,178 140,183 118,184 95,183 73,34 48,46 40,61 38,76 40,90 46,113 47,126 41,140 39,154 40,165 48,102 62,102 78,102 93,102 109,82 120,91 124,101 126,111 124,120 120,48 63,58 58,69 58,79 64,68 66,58 66,122 64,133 58,144 59,153 64,144 67,133 67,63 153,77 147,91 145,100 146,109 144,124 147,136 153,125 165,111 171,101 173,91 172,76 166,69 153,91 152,100 153,110 152,130 153,110 159,101 160,92 159
Hari (,21 72,19 95,19 118,23 141,30 164,42 185,57 203,76 216,97 219,118 216,136 204,149 186,159 166,167 145,172 124,173 104,173 83,47 49,60 42,75 41,89 46,100 56,113 57,123 49,135 46,147 47,156 54,106 66,106 82,105 97,105 113,86 121,94 125,103 129,112 126,119 123,60 66,68 61,77 61,84 66,76 69,67 69,122 68,131 64,139 65,146 70,138 73,130 72,67 155,79 149,93 148,102 150,110 148,122 150,130 158,122 167,110 172,101 172,91 172,78 166,72 155,92 155,101 156,110 155,126 158,110 160,101 162,92 160
Hari (,15 72,15 95,18 118,24 141,33 163,46 183,62 200,80 212,102 215,123 212,142 199,157 181,171 161,179 139,184 115,185 92,185 69,33 49,45 41,59 40,74 43,87 49,108 49,121 42,135 39,150 40,163 46,98 63,98 79,98 94,98 110,80 121,89 124,99 127,109 124,118 121,47 65,57 60,67 59,77 65,67 67,57 68,119 64,129 58,140 59,149 64,140 67,130 67,65 154,77 148,90 146,99 147,108 145,122 147,135 153,125 166,110 172,100 173,90 172,76 166,70 154,90 153,99 153,108 152,130 154,109 159,100 161,90 160
Hari (,1 89,4 111,8 132,15 151,29 166,46 177,67 184,90 186,109 183,123 178,130 167,136 157,140 143,142 128,144 112,144 95,141 79,32 65,45 54,60 50,77 50,92 55,107 54,116 50,124 49,133 50,137 59,102 75,107 88,112 101,117 114,92 124,102 126,111 129,118 126,123 122,50 79,59 74,69 73,76 79,69 82,59 83,109 78,116 72,124 71,129 76,125 80,117 80,80 150,91 142,103 138,110 140,115 138,122 141,123 147,121 152,116 155,111 156,103 156,92 154,84 148,103 146,110 146,115 145,120 147,115 145,110 146,103 146
Hari (,15 72,15 95,18 118,24 141,33 163,46 183,62 200,80 212,102 215,123 212,142 199,157 181,171 161,179 139,184 115,185 92,185 69,33 49,45 41,59 40,74 43,87 49,108 49,121 42,135 39,150 40,163 46,98 63,98 79,98 94,98 110,80 121,89 124,99 127,109 124,118 121,47 65,57 60,67 59,77 65,67 67,57 68,119 64,129 58,140 59,149 64,140 67,130 67,65 154,77 148,90 146,99 147,108 145,122 147,135 153,125 166,110 172,100 173,90 172,76 166,70 154,90 153,99 153,108 152,130 154,109 159,100 161,90 160
Hari (,20 90,23 111,27 131,33 150,42 167,57 182,75 193,93 201,113 201,132 196,146 185,158 172,168 157,174 138,176 118,176 98,174 78,34 69,44 58,59 54,75 54,90 59,104 59,118 52,134 51,149 53,160 63,98 78,100 94,103 110,105 126,83 128,94 132,106 136,116 130,126 125,51 83,59 78,69 77,79 84,69 86,59 86,116 81,125 75,135 74,144 78,136 81,126 82,69 149,81 144,95 142,106 143,116 140,130 140,143 142,132 157,120 165,109 167,97 167,83 161,74 150,95 147,107 147,117 145,138 143,118 156,108 158,96 157
Hari (,15 72,15 95,18 118,24 141,33 163,46 183,62 200,80 212,102 215,123 212,142 199,157 181,171 161,179 139,184 115,185 92,185 69,33 49,45 41,59 40,74 43,87 49,108 49,121 42,135 39,150 40,163 46,98 63,98 79,98 94,98 110,80 121,89 124,99 127,109 124,118 121,47 65,57 60,67 59,77 65,67 67,57 68,119 64,129 58,140 59,149 64,140 67,130 67,65 154,77 148,90 146,99 147,108 145,122 147,135 153,125 166,110 172,100 173,90 172,76 166,70 154,90 153,99 153,108 152,130 154,109 159,100 161,90 160
Hari (,15 72,15 95,18 118,24 141,33 163,46 183,62 200,80 212,102 215,123 212,142 199,157 181,171 161,179 139,184 115,185 92,185 69,33 49,45 41,59 40,74 43,87 49,108 49,121 42,135 39,150 40,163 46,98 63,98 79,98 94,98 110,80 121,89 124,99 127,109 124,118 121,47 65,57 60,67 59,77 65,67 67,57 68,119 64,129 58,140 59,149 64,140 67,130 67,65 154,77 148,90 146,99 147,108 145,122 147,135 153,125 166,110 172,100 173,90 172,76 166,70 154,90 153,99 153,108 152,130 154,109 159,100 161,90 160
Hari (,15 72,15 95,18 118,24 141,33 163,46 183,62 200,80 212,102 215,123 212,142 199,157 181,171 161,179 139,184 115,185 92,185 69,33 49,45 41,59 40,74 43,87 49,108 49,121 42,135 39,150 40,163 46,98 63,98 79,98 94,98 110,80 121,89 124,99 127,109 124,118 121,47 65,57 60,67 59,77 65,67 67,57 68,119 64,129 58,140 59,149 64,140 67,130 67,65 154,77 148,90 146,99 147,108 145,122 147,135 153,125 166,110 172,100 173,90 172,76 166,70 154,90 153,99 153,108 152,130 154,109 159,100 161,90 160
Hari (,15 72,15 95,18 118,24 141,33 163,46 183,62 200,80 212,102 215,123 212,142 199,157 181,171 161,179 139,184 115,185 92,185 69,33 49,45 41,59 40,74 43,87 49,108 49,121 42,135 39,150 40,163 46,98 63,98 79,98 94,98 110,80 121,89 124,99 127,109 124,118 121,47 65,57 60,67 59,77 65,67 67,57 68,119 64,129 58,140 59,149 64,140 67,130 67,65 154,77 148,90 146,99 147,108 145,122 147,135 153,125 166,110 172,100 173,90 172,76 166,70 154,90 153,99 153,108 152,130 154,109 159,100 161,90 160
Josh (,14 65,13 88,13 109,14 131,19 153,29 173,43 189,61 200,81 201,100 198,112 185,121 170,130 156,136 141,142 125,147 109,149 93,35 54,47 47,63 47,78 53,91 62,115 66,127 62,137 60,148 61,153 70,102 80,102 93,102 105,102 117,80 125,88 128,97 133,105 131,111 129,49 73,57 70,68 72,77 81,66 80,55 79,114 86,123 80,133 81,139 88,133 91,123 90,53 141,69 142,84 144,93 147,101 145,110 147,117 151,108 165,97 170,89 170,79 168,65 160,57 143,83 149,92 151,100 151,113 152,98 159,90 160,81 158
Josh (,45 45,37 64,33 86,35 109,40 130,46 152,53 172,62 191,76 200,95 202,116 194,135 184,155 170,173 151,185 131,191 109,195 87,62 27,74 28,85 34,95 41,102 52,111 62,127 59,143 60,157 65,169 74,101 73,95 89,90 105,85 120,68 121,75 129,84 134,94 132,105 130,69 53,77 54,84 58,87 65,80 63,73 60,121 79,131 77,139 80,147 83,138 85,129 83,61 140,69 142,77 145,82 150,88 150,99 154,111 156,96 165,84 168,78 166,72 163,65 154,65 143,75 152,80 155,87 157,106 156,86 155,80 154,75 151
Josh (,25 77,26 98,28 120,32 140,38 159,47 177,59 193,75 202,95 203,116 201,131 193,143 179,152 163,159 144,165 124,170 103,171 83,33 61,43 50,58 49,73 54,87 62,112 62,126 56,140 52,154 53,164 64,99 77,100 89,100 102,100 115,82 127,91 129,98 131,106 130,113 128,48 79,56 75,67 75,78 82,67 84,55 84,119 83,130 76,140 76,148 82,141 86,130 86,67 156,77 150,88 147,97 150,105 148,116 152,125 157,115 167,105 172,95 172,86 171,76 165,71 156,87 156,96 157,105 156,120 158,105 158,96 159,87 157
Josh (,23 75,23 97,25 118,28 138,33 158,44 177,57 192,75 203,96 204,117 202,132 191,143 176,152 160,159 141,164 123,168 103,169 82,34 59,46 49,60 49,75 54,89 62,113 63,127 57,140 53,154 54,163 64,101 77,101 90,102 103,102 117,82 125,91 128,100 132,109 129,117 127,49 78,57 74,68 74,78 82,67 83,56 83,120 84,130 78,141 78,149 83,141 87,131 87,62 153,73 146,88 143,98 145,108 143,120 147,131 154,121 170,108 178,97 180,85 178,72 169,67 154,87 151,98 153,108 152,125 155,108 164,98 165,87 164
Josh (,8 67,10 92,12 118,16 141,27 162,42 178,60 191,79 200,98 201,114 197,122 181,129 165,138 150,147 133,153 117,153 98,151 81,33 57,47 47,65 46,83 51,98 61,120 63,131 57,141 53,152 54,155 64,109 78,112 91,114 104,116 118,87 122,98 126,109 132,119 129,126 124,53 73,62 70,72 71,81 78,71 79,61 77,119 81,128 75,137 75,144 80,138 83,128 83,58 143,75 139,94 138,105 140,114 138,124 140,128 143,122 163,113 173,102 175,89 174,72 164,61 144,93 145,104 145,114 144,123 146,113 160,102 163,91 162
Josh (,17 70,17 92,18 114,23 136,31 155,45 171,60 183,79 191,98 191,113 186,121 171,128 157,135 143,141 128,145 113,147 96,147 81,37 59,49 50,65 49,80 55,95 63,116 64,126 59,136 55,146 56,150 66,105 77,107 88,109 99,111 111,88 121,97 124,105 127,112 125,118 123,52 75,60 71,71 72,80 79,70 80,59 80,115 81,123 74,133 75,139 81,133 84,124 84,67 145,81 141,94 139,102 141,109 140,117 142,121 146,116 155,109 159,101 160,92 159,80 153,71 146,93 147,101 148,109 147,118 147,109 148,102 149,93 148
Josh (,40 89,39 108,41 127,44 146,49 164,56 180,66 193,78 203,96 206,119 207,144 203,168 195,186 180,198 158,202 133,204 108,204 82,37 58,43 49,55 51,67 55,79 61,104 59,123 51,142 45,163 46,180 55,93 78,91 93,88 108,85 123,75 136,83 139,91 141,101 139,112 137,48 81,55 75,67 75,78 83,67 86,55 87,124 82,135 73,148 72,160 78,150 84,137 85,68 169,74 163,82 160,92 164,101 161,117 164,133 169,119 178,104 183,93 183,83 182,74 176,72 169,83 168,92 170,102 169,127 170,103 170,92 171,83 169
Josh (,6 70,7 94,7 119,11 142,23 160,39 176,57 187,78 194,98 195,113 189,120 176,125 161,131 146,138 130,142 114,143 97,141 81,38 55,52 48,68 47,83 51,97 59,118 61,128 57,136 53,145 52,148 60,109 76,112 87,115 98,119 109,93 122,102 124,110 127,117 126,123 122,54 73,63 68,73 69,81 77,72 77,61 77,116 79,124 72,133 73,139 78,133 81,124 81,72 149,87 143,101 140,108 142,114 140,120 143,121 148,118 157,112 162,105 163,97 162,84 157,76 149,100 149,107 150,113 149,117 148,113 149,106 150,99 149
Nikhil (,10 89,13 110,16 128,19 147,25 165,36 182,53 194,73 200,95 201,115 201,130 192,141 180,150 166,154 149,157 130,158 112,159 95,26 69,38 55,56 49,76 50,93 57,109 59,123 54,138 54,151 60,155 75,101 77,103 89,105 100,107 112,86 125,96 126,104 128,111 127,117 125,48 79,56 74,67 74,77 82,66 85,55 84,115 85,125 78,135 78,141 85,135 88,125 87,70 147,83 141,94 139,102 141,109 140,117 143,124 148,116 152,108 153,101 153,93 153,82 150,75 146,94 145,102 146,109 146,120 148,108 146,101 146,94 145
Nikhil (,20 84,17 103,20 123,27 142,36 161,47 179,58 195,72 208,89 213,107 211,127 202,146 188,164 171,179 151,188 130,191 107,190 87,37 64,50 63,63 67,75 71,86 77,103 77,117 71,131 66,145 64,161 66,93 89,92 101,91 113,89 126,77 142,84 144,92 145,100 144,109 142,50 87,58 83,68 83,77 88,67 91,58 91,118 87,125 83,136 82,145 85,137 90,127 90,72 174,78 167,86 165,92 166,97 165,106 168,117 174,106 182,97 186,91 186,85 185,78 182,76 173,86 171,92 171,97 171,112 174,96 174,91 175,85 174
Nikhil (,23 95,25 114,29 132,32 150,37 168,47 185,62 196,81 202,102 202,123 201,139 193,152 181,161 166,165 149,169 130,170 112,171 93,30 71,39 57,55 50,72 49,89 55,109 56,124 50,140 49,154 55,162 69,99 75,100 87,102 99,103 111,86 128,94 129,102 131,108 129,115 127,51 84,59 78,69 77,79 83,69 87,58 88,116 84,126 77,137 77,144 83,137 87,126 87,70 155,81 149,93 145,101 147,110 144,120 147,129 153,120 161,111 166,102 167,92 167,81 161,75 154,92 154,101 154,110 153,124 154,110 155,102 157,93 156
Nikhil (,6 84,8 105,10 127,13 148,22 166,37 180,57 191,79 199,101 201,118 198,128 186,135 173,142 157,147 142,151 126,152 109,150 93,38 59,52 49,70 45,87 48,104 54,120 58,131 55,141 55,149 57,153 67,112 77,115 89,119 100,123 112,97 125,107 127,116 130,122 129,127 128,58 77,67 72,78 72,85 80,77 82,66 81,122 84,130 79,139 80,143 87,138 89,129 88,84 154,98 148,108 147,114 149,119 148,123 153,123 159,119 158,115 157,110 156,104 155,95 153,89 154,107 157,113 157,118 158,119 159,116 145,111 145,106 144
Nikhil (,32 101,35 119,38 136,44 153,50 171,60 187,76 199,94 206,117 205,139 202,158 194,174 181,185 164,190 143,190 121,190 100,188 81,33 81,37 65,50 56,65 54,81 58,99 54,116 45,135 43,153 47,166 60,93 77,94 90,96 103,97 117,82 131,92 132,102 133,112 129,122 124,50 93,56 88,66 86,77 88,67 93,57 94,117 82,127 77,138 75,147 77,139 82,128 83,74 158,82 150,93 145,104 145,115 141,130 141,145 146,134 163,121 173,109 177,97 177,84 171,78 158,94 151,105 150,116 147,141 147,118 162,107 166,95 166
Nikhil (,4 90,7 111,9 133,15 154,27 170,45 182,65 190,87 196,106 197,120 190,127 177,131 165,135 151,138 136,140 121,140 104,138 89,34 65,46 54,63 49,80 50,96 56,112 59,121 55,130 55,137 58,141 66,105 77,109 88,113 98,118 108,94 124,103 125,111 127,116 126,121 124,55 78,63 73,73 74,80 81,72 83,63 82,113 84,120 78,129 78,133 85,129 87,120 86,77 148,90 143,103 139,109 141,115 140,122 144,124 150,120 156,114 159,108 159,101 158,89 154,81 148,102 148,109 148,114 148,121 149,114 149,109 149,102 148
Nikhil (,51 96,51 112,52 128,56 145,60 162,65 178,70 192,78 203,94 204,115 202,138 196,160 185,180 170,194 150,198 127,199 102,199 79,45 71,46 62,53 58,63 57,73 61,90 57,107 47,126 45,145 49,160 60,82 78,79 91,75 104,71 117,68 132,74 136,82 138,91 134,100 130,54 91,57 85,65 84,75 87,66 91,58 94,109 82,116 74,127 74,138 77,128 82,118 84,70 165,72 157,78 152,85 153,93 150,106 151,122 157,109 167,97 173,88 175,81 175,74 171,73 164,80 161,86 161,94 159,117 157,95 163,87 165,80 164
Nishanth (,27 87,29 106,33 123,38 139,45 156,57 170,73 181,93 189,113 189,132 184,147 175,160 163,170 148,173 129,175 110,174 91,172 71,33 72,42 60,57 56,73 56,89 61,105 57,120 49,135 46,151 46,163 56,98 76,100 91,102 106,104 121,87 126,96 129,105 131,114 127,122 122,51 85,58 81,69 79,80 84,70 87,60 88,118 79,127 72,137 71,146 74,138 78,128 79,78 147,89 143,98 140,106 141,113 139,124 139,136 140,125 147,116 152,108 154,100 154,90 152,83 148,99 146,107 146,114 144,131 142,115 144,107 146,99 146
Nishanth (,24 88,25 108,28 126,31 144,38 163,50 179,66 191,86 201,108 202,130 199,147 188,162 176,171 160,176 141,177 122,178 104,178 85,32 72,41 59,57 53,74 54,91 60,109 59,126 53,143 52,159 56,169 69,100 78,101 93,101 107,102 122,84 127,93 130,103 133,113 129,122 126,50 84,58 79,68 78,80 84,69 86,58 86,120 83,129 77,140 77,149 81,141 84,130 84,65 149,78 141,93 138,104 140,115 138,129 140,143 145,130 158,116 165,105 166,94 166,78 160,69 149,93 145,104 145,115 144,139 146,115 156,105 157,94 157
Nishanth (,25 89,27 108,29 126,33 145,39 163,51 179,67 192,86 202,109 202,131 200,150 192,166 180,179 164,184 144,185 123,186 103,185 82,30 73,38 60,54 54,70 54,87 60,107 57,123 50,141 48,159 51,172 64,97 78,97 92,98 107,99 122,82 127,92 130,101 133,112 128,122 124,49 86,57 81,67 80,78 84,67 86,58 87,121 81,130 76,140 75,150 78,140 80,131 81,66 150,78 142,92 139,104 140,115 138,131 138,147 144,133 159,118 166,106 168,94 168,79 162,71 151,93 146,104 146,115 145,144 145,116 157,105 159,93 159
Nishanth (,27 84,28 103,31 121,34 138,40 156,51 172,67 184,86 192,107 192,128 189,146 181,160 170,170 156,175 138,177 118,178 100,177 81,34 71,42 59,57 55,73 55,88 61,106 58,122 51,138 49,154 51,165 62,97 77,98 90,98 104,99 118,83 126,91 129,100 130,109 127,117 123,50 85,57 80,67 80,78 85,67 87,57 88,117 82,126 75,136 75,145 78,137 82,127 83,73 148,84 143,94 141,102 142,109 140,120 141,133 145,121 152,110 154,103 155,95 155,85 153,77 148,95 146,102 146,109 146,128 146,109 146,102 147,95 146
Nishanth (,12 75,12 96,13 118,15 139,23 158,38 174,60 185,83 193,105 196,123 194,137 186,148 176,156 163,161 147,164 131,164 114,163 98,43 58,57 48,76 46,94 50,110 59,126 62,138 58,151 59,161 64,164 75,118 80,119 93,121 106,123 119,98 126,107 129,116 133,123 132,128 130,62 77,72 74,81 76,90 82,80 82,70 81,126 87,136 83,145 85,150 91,144 91,135 90,76 146,92 142,105 141,113 144,120 144,127 147,132 153,125 157,118 157,111 157,103 156,90 152,81 147,104 147,112 149,119 149,128 153,119 149,111 149,104 147
Nishanth (,43 101,45 116,47 131,53 146,60 160,67 173,77 185,88 196,106 196,127 192,149 183,170 170,187 153,198 131,198 107,196 83,192 60,38 77,40 68,48 65,58 63,69 66,83 58,99 49,117 43,137 43,153 50,79 80,78 93,77 106,76 119,73 130,79 132,86 133,95 128,103 123,51 95,54 87,63 85,73 89,65 94,56 97,107 79,114 71,125 68,136 71,128 77,117 79,76 157,79 150,85 146,92 146,98 142,111 142,128 144,114 154,104 159,97 161,90 163,83 162,80 156,87 151,93 150,100 148,123 146,100 149,94 152,87 153
Parag (,29 92,29 112,32 132,35 150,40 168,49 184,63 195,80 200,100 201,121 201,140 196,155 187,166 172,173 154,177 134,178 113,178 93,37 73,45 61,59 55,74 54,89 58,106 58,122 53,139 52,154 57,164 68,98 77,98 91,98 105,98 119,81 131,90 133,100 135,109 133,118 130,52 86,60 80,70 79,81 85,71 88,60 89,118 84,129 78,140 77,148 83,140 87,129 86,73 159,81 148,90 143,99 145,108 143,118 147,129 157,119 160,109 162,99 163,90 162,81 160,77 156,90 151,99 151,108 151,124 155,108 150,99 151,90 150
Parag (,30 89,31 109,34 128,37 147,44 165,56 182,71 195,90 203,112 204,134 202,152 193,166 180,176 163,182 143,183 122,183 101,182 81,37 72,43 59,57 54,72 53,86 58,107 57,121 51,137 50,153 53,165 63,97 78,97 92,98 106,98 121,83 131,92 133,101 136,111 132,120 128,53 86,61 81,70 80,81 85,71 88,61 88,119 83,129 77,139 76,148 80,140 84,130 84,71 152,81 147,93 144,104 146,114 143,129 143,142 147,132 166,118 175,106 177,95 176,82 168,76 154,93 152,104 152,115 150,139 148,116 162,106 164,94 163
Parag (,45 97,44 112,43 129,48 146,54 163,63 178,75 192,88 203,106 205,127 203,148 195,167 183,182 166,192 145,196 122,196 100,195 79,45 71,48 62,57 57,68 56,79 60,97 57,113 49,130 47,147 50,162 58,89 79,88 93,86 106,84 119,76 131,83 134,91 136,102 132,112 127,56 89,60 84,69 84,79 87,70 90,61 91,115 82,123 76,133 75,143 78,134 82,125 83,72 153,78 148,87 146,97 146,107 143,125 142,142 145,129 165,113 175,102 177,91 177,81 169,77 155,89 153,98 152,108 150,138 147,111 162,100 165,90 164
Parag (,23 96,26 116,30 136,35 155,42 173,55 188,72 199,92 204,112 204,132 201,147 193,158 181,166 164,170 146,172 127,173 107,172 88,34 78,42 64,57 56,74 54,89 59,107 58,121 51,137 50,151 56,161 68,99 77,101 91,102 104,104 118,88 133,97 135,105 136,112 134,118 132,51 86,59 79,70 78,81 85,71 89,60 90,117 83,127 74,138 74,147 80,139 85,128 85,79 162,88 155,97 151,105 153,112 150,122 153,131 159,123 167,114 172,106 173,98 172,89 168,83 161,98 159,105 159,112 159,127 159,113 160,106 161,98 160
Parag (,8 77,9 99,10 122,13 144,23 164,39 178,58 191,79 200,98 202,112 197,122 186,129 173,136 159,142 143,144 125,144 109,143 94,42 62,55 51,73 47,90 49,105 55,121 59,130 57,139 57,145 61,146 71,111 77,113 88,116 100,120 111,95 126,103 128,111 131,118 129,123 127,60 75,70 71,79 71,87 78,78 80,68 79,117 83,124 78,133 79,137 85,132 88,124 86,78 152,91 146,103 143,109 146,114 144,120 149,120 155,117 159,112 161,106 161,99 160,89 157,83 151,101 151,108 152,113 152,118 154,113 152,108 153,101 151
Parag (,43 99,43 116,43 133,47 151,52 169,61 186,74 198,88 206,107 206,128 204,150 199,171 190,188 174,198 154,202 130,202 107,201 85,45 78,46 65,55 58,66 56,78 59,98 56,116 48,135 46,154 51,169 61,89 79,87 92,85 105,82 118,77 135,83 138,91 139,100 136,109 132,57 95,61 92,69 90,80 90,71 95,63 98,117 84,126 80,136 80,147 80,137 85,127 86,76 168,82 162,88 159,96 160,104 156,118 156,134 158,121 167,109 172,101 174,92 175,84 173,80 167,90 165,97 164,106 162,129 159,107 163,98 166,90 166
Parag (,46 95,45 110,45 126,49 143,55 160,64 175,76 189,88 202,105 204,125 202,144 193,162 181,178 165,189 145,193 122,193 100,192 79,47 71,50 62,58 57,69 56,80 60,98 56,113 49,130 47,146 50,160 58,90 78,88 91,86 104,84 117,77 128,83 132,91 134,101 129,111 125,57 88,62 83,70 82,80 86,71 89,63 90,116 81,124 74,133 73,142 76,134 80,125 82,73 150,78 145,87 143,96 144,107 140,124 139,141 141,128 161,112 171,101 174,91 173,81 165,77 151,88 149,97 149,107 147,136 144,110 159,99 161,90 161
Pradeep (,29 81,31 100,35 117,41 134,48 151,59 167,74 180,90 190,109 191,127 187,144 175,158 161,170 145,177 127,181 107,181 87,179 68,37 68,44 58,57 55,71 55,84 60,104 58,117 50,132 46,147 48,159 54,94 77,95 93,96 109,97 124,84 131,91 134,99 136,107 132,115 129,53 81,60 75,71 75,80 82,71 85,60 86,117 79,126 70,137 69,145 73,138 79,127 80,77 154,84 150,93 148,101 150,108 146,118 147,129 148,119 157,110 163,101 164,93 164,85 161,80 154,94 154,101 154,109 152,125 150,108 152,101 154,93 154
Pradeep (,11 85,12 107,13 129,17 152,26 172,41 191,60 206,82 214,105 215,124 210,138 197,148 180,154 161,158 142,160 123,160 105,159 87,44 59,57 52,71 50,86 53,98 60,119 62,126 55,135 51,145 51,151 56,109 70,110 82,112 94,113 106,94 117,102 120,110 123,117 120,123 116,60 74,68 69,76 68,83 72,76 76,68 76,122 72,130 68,137 68,142 73,137 75,130 75,72 155,86 147,99 144,108 145,116 143,125 146,132 154,126 161,116 165,108 166,99 167,85 163,78 155,99 151,108 151,116 150,127 154,116 155,108 157,99 157
Pradeep (,25 84,28 101,31 118,36 136,44 154,55 169,70 180,87 189,105 191,124 188,139 178,154 165,164 151,171 133,174 114,174 95,174 77,38 69,46 60,59 55,72 55,87 61,108 61,120 53,134 49,148 52,157 60,96 78,98 93,99 109,100 124,84 129,92 132,100 135,109 131,118 126,54 84,62 79,71 79,80 84,71 86,61 87,118 82,127 77,137 75,145 79,137 83,128 84,69 145,81 145,93 144,103 146,111 143,122 142,134 141,123 153,113 159,104 160,93 160,82 155,75 146,93 149,103 150,112 149,130 143,112 149,103 152,93 150
Pradeep (,30 81,34 101,39 119,47 136,58 152,72 166,85 179,99 190,115 190,131 185,145 173,157 157,168 140,175 122,178 102,178 81,176 60,34 70,41 61,53 60,66 60,79 64,102 61,114 53,128 48,143 48,156 55,91 79,93 96,95 113,97 129,82 128,90 133,100 137,110 130,119 124,51 82,58 77,68 76,77 82,68 84,58 85,113 77,121 70,131 68,141 71,133 76,123 77,76 142,83 142,94 142,104 143,114 139,127 136,139 135,130 153,118 163,108 165,96 164,85 157,80 144,94 145,105 146,115 143,135 137,116 154,106 156,95 155
Pradeep (,27 87,28 105,30 123,35 142,42 160,53 176,68 189,86 200,107 201,128 197,146 185,161 172,174 155,181 136,184 116,184 96,182 77,40 68,47 58,60 53,74 53,88 59,108 58,121 50,136 46,151 49,161 60,98 76,99 92,100 108,101 123,84 130,93 133,102 136,112 131,121 126,54 83,61 79,70 78,80 81,71 83,62 84,118 78,127 73,136 73,144 76,136 78,127 78,73 149,84 147,95 146,104 147,114 145,126 143,139 144,127 154,115 160,105 162,95 161,84 157,77 150,95 152,104 152,114 150,134 145,114 151,105 153,95 152
Pradeep (,22 84,24 99,27 114,31 134,38 153,48 170,63 182,82 191,103 192,123 189,140 179,155 166,165 150,171 132,173 113,173 95,173 78,37 68,45 57,59 51,73 51,88 57,108 56,121 49,135 46,149 50,158 60,98 75,99 90,100 105,101 120,85 129,93 131,101 133,110 129,118 126,53 80,61 75,72 75,81 81,72 84,61 84,118 80,128 73,138 72,145 77,139 82,128 82,73 151,84 149,95 146,103 147,111 144,121 144,131 145,122 152,113 158,105 160,96 160,85 157,77 152,95 151,103 152,111 150,128 146,112 149,104 152,96 151
Pradeep (,14 79,15 101,17 121,22 140,30 158,44 173,63 184,83 194,102 195,119 190,133 176,144 163,152 149,157 132,161 114,163 96,162 79,39 60,50 51,65 47,80 48,95 55,114 55,126 49,138 47,150 50,156 60,103 74,105 89,107 104,110 118,90 127,98 130,106 133,112 130,118 126,55 78,64 74,74 74,81 80,73 82,63 82,118 80,127 75,136 74,142 78,136 82,127 82,76 154,87 149,98 146,106 148,113 145,120 147,126 151,120 159,113 166,105 168,97 168,86 163,81 154,97 152,105 153,113 151,122 151,113 153,105 155,97 155
Pradeep (,0 75,1 96,3 118,10 139,21 157,39 171,61 181,85 189,106 189,121 183,129 168,135 155,140 140,145 125,148 109,149 93,147 78,41 58,54 49,71 44,87 45,102 52,119 52,127 47,135 45,143 48,146 57,109 74,113 87,118 99,122 112,97 125,106 126,114 128,120 126,125 122,57 77,67 73,77 73,84 79,76 81,66 81,115 78,124 72,132 72,136 76,131 80,124 80,78 147,92 143,104 141,112 142,119 140,124 140,126 142,122 149,118 153,111 155,104 155,92 153,82 147,104 146,111 146,118 144,123 143,118 145,111 147,104 147
Pradeep (,64 94,64 106,65 120,69 136,75 149,83 164,88 177,96 190,108 193,127 190,148 181,169 171,188 157,200 139,202 115,202 90,200 69,54 64,56 59,61 58,68 59,74 63,88 57,102 48,119 44,136 47,151 55,83 80,79 94,76 108,72 122,72 131,78 134,85 135,91 132,100 129,64 87,65 79,73 79,80 84,74 88,67 89,109 80,115 71,126 69,137 73,127 80,117 82,83 154,81 150,83 148,89 149,96 146,109 145,124 148,112 158,102 163,95 164,89 164,85 161,84 153,87 153,91 153,99 151,119 149,98 153,91 154,86 153
Pradeep (,51 93,51 107,53 122,58 139,66 153,74 168,82 183,90 196,104 200,121 198,142 188,163 177,183 163,197 145,200 122,201 98,200 75,47 68,48 59,56 56,66 57,75 61,93 58,108 49,125 46,143 49,157 58,84 80,82 95,80 109,77 124,74 133,80 136,87 138,95 134,104 131,59 86,62 79,71 79,79 85,71 89,63 90,113 81,119 72,130 71,140 76,132 82,122 83,77 154,79 152,84 150,91 151,97 149,110 148,126 151,113 159,102 165,94 166,87 166,82 162,79 155,85 155,92 155,99 154,121 152,99 155,92 156,85 156
PratB (,25 85,26 105,28 124,30 144,35 162,44 179,57 193,73 202,93 204,114 203,130 196,143 185,154 170,161 151,165 131,168 111,170 91,35 70,43 58,58 53,75 53,90 60,108 59,123 55,140 54,154 58,162 72,100 74,101 90,101 104,102 120,81 130,91 132,101 135,109 133,118 131,50 82,58 78,69 76,79 82,69 85,58 85,117 83,128 78,139 79,147 84,138 87,128 86,67 157,78 151,89 147,98 149,107 147,116 151,127 158,116 162,106 164,97 165,87 164,77 160,71 156,89 153,98 154,107 154,122 157,106 154,97 155,88 153
PratB (1,23 108,24 125,26 142,27 160,32 177,42 192,58 200,77 203,99 204,121 203,140 199,156 192,168 178,173 159,175 140,175 121,175 102,31 79,39 63,54 54,72 52,88 57,105 56,122 51,140 51,156 58,164 73,98 74,99 86,100 97,101 110,82 128,91 129,100 131,109 129,117 127,46 90,55 84,66 81,78 86,67 90,56 91,118 85,129 80,140 81,149 87,140 89,129 88,65 161,76 151,88 145,98 148,108 145,121 150,132 160,121 165,109 168,98 169,87 168,76 164,70 160,87 155,98 156,109 155,127 159,109 155,98 156,88 155
PratB (,25 108,27 127,30 144,32 162,36 180,46 194,63 202,84 206,107 206,131 205,152 201,169 194,181 178,185 157,186 136,185 115,185 95,31 83,36 66,51 56,68 52,85 56,105 53,122 46,141 46,158 52,169 67,97 72,98 85,100 97,101 110,83 130,92 130,102 132,111 129,119 127,47 93,54 85,66 82,78 87,67 91,56 94,120 83,132 76,144 76,153 82,144 85,132 85,69 165,80 154,91 147,102 149,112 146,126 150,139 160,127 166,114 170,103 172,92 172,81 169,74 164,92 158,102 158,113 156,133 160,113 157,102 159,92 159
PratB (,-5 90,-3 110,-2 132,2 154,15 172,35 182,59 190,84 194,104 194,118 188,125 174,128 162,130 145,131 130,131 115,129 100,127 87,35 70,48 61,64 56,81 56,95 61,112 63,118 60,122 56,127 54,132 57,106 80,111 90,118 98,124 108,97 124,107 124,116 125,122 124,126 122,52 85,61 80,72 78,80 85,72 88,61 89,112 83,118 77,125 76,130 80,126 86,119 86,79 151,93 143,105 139,113 141,119 139,123 142,124 150,122 155,117 156,111 157,105 157,93 154,84 149,105 147,113 147,117 147,122 149,118 146,113 147,105 147
PratB (,-8 81,-7 104,-6 127,-2 149,10 168,29 180,53 188,76 194,97 196,111 193,120 181,125 169,129 153,131 136,132 120,131 104,129 89,36 66,49 56,66 52,82 53,97 59,113 65,120 63,125 61,130 62,133 67,107 80,112 89,117 98,123 107,96 123,105 124,113 126,120 125,124 123,52 81,62 79,72 78,80 84,71 86,62 85,113 86,119 84,126 84,129 88,126 90,119 89,76 149,91 142,104 138,111 140,117 139,121 144,120 154,119 156,114 158,108 158,101 156,89 153,82 148,102 146,110 148,115 148,118 152,115 147,109 147,102 146
PratB (,67 93,66 106,66 121,69 139,72 156,75 175,78 190,88 201,104 202,125 201,148 195,170 183,188 167,199 146,204 121,205 97,205 74,62 60,68 60,72 61,77 64,82 68,97 61,111 53,128 49,145 51,163 56,91 77,87 91,83 105,78 119,75 130,81 133,88 135,97 133,106 129,69 85,72 78,79 79,86 84,79 87,72 89,117 81,124 73,135 73,146 77,136 82,125 83,78 159,79 151,83 148,90 149,99 146,111 148,126 154,112 162,102 167,93 168,86 168,81 165,79 159,85 156,92 156,101 155,120 155,100 155,91 156,85 156
PratB (,15 72,15 95,18 118,24 141,33 163,46 183,62 200,80 212,102 215,123 212,142 199,157 181,171 161,179 139,184 115,185 92,185 69,33 49,45 41,59 40,74 43,87 49,108 49,121 42,135 39,150 40,163 46,98 63,98 79,98 94,98 110,80 121,89 124,99 127,109 124,118 121,47 65,57 60,67 59,77 65,67 67,57 68,119 64,129 58,140 59,149 64,140 67,130 67,65 154,77 148,90 146,99 147,108 145,122 147,135 153,125 166,110 172,100 173,90 172,76 166,70 154,90 153,99 153,108 152,130 154,109 159,100 161,90 160
PratB (,49 91,47 107,46 123,49 139,53 156,57 174,63 189,71 201,89 204,110 203,134 200,158 193,178 179,192 160,199 137,201 112,202 88,49 67,52 58,60 53,70 53,80 57,102 54,119 48,137 47,155 51,169 62,90 75,87 90,83 104,80 119,71 130,77 133,85 135,95 133,105 130,58 86,62 81,70 80,81 83,71 86,63 88,119 80,127 75,138 76,148 80,138 83,128 83,65 159,70 153,78 150,87 152,96 150,110 153,124 160,109 168,95 172,86 173,77 172,70 168,68 160,78 158,87 159,96 159,119 160,95 159,86 160,77 159
PratB (,29 84,29 103,30 121,33 140,39 158,49 175,60 191,75 202,95 204,116 203,132 192,144 179,157 163,166 146,172 127,175 108,176 88,38 68,46 57,60 52,75 53,89 59,109 60,124 55,140 55,155 60,164 73,100 76,100 91,100 107,100 123,78 127,89 130,98 134,109 131,119 129,52 80,60 77,70 77,80 81,70 82,60 82,119 84,129 80,139 81,148 85,139 86,129 86,59 145,71 142,86 142,97 144,108 142,122 144,135 148,121 166,106 175,94 176,83 174,69 164,63 147,85 148,96 149,108 149,130 150,107 163,95 164,84 162
PratB (,21 83,21 104,22 125,24 144,31 163,41 180,56 194,74 203,94 205,115 202,129 191,139 179,148 163,154 145,159 127,161 108,163 90,33 68,44 55,60 51,78 53,93 60,111 60,126 56,141 55,154 59,159 73,103 76,104 91,105 105,107 120,83 131,93 133,103 136,112 133,119 131,50 80,58 76,69 75,79 81,69 84,58 84,118 84,128 78,139 79,146 85,138 88,128 87,65 158,77 151,90 148,99 150,107 148,116 152,125 159,115 162,107 163,97 164,88 163,76 161,70 156,89 154,98 155,107 154,120 158,107 154,98 154,89 153
PratB (,24 103,24 121,25 139,27 157,31 174,39 190,53 200,72 207,95 208,117 208,137 204,153 196,166 183,171 166,175 145,176 126,177 108,34 74,42 60,56 53,72 51,88 57,111 58,128 53,144 56,158 62,167 75,98 76,99 89,99 102,99 115,78 128,88 131,98 134,108 131,117 129,47 89,56 85,66 83,78 87,67 90,57 90,120 88,131 86,142 87,151 92,141 92,131 91,56 157,68 148,84 143,97 145,109 143,125 148,139 159,126 171,110 176,97 177,83 176,67 171,60 158,84 152,97 153,109 153,134 159,110 163,97 164,84 163
PratGM (,30 103,32 120,35 136,37 154,42 171,51 184,64 195,83 201,106 201,128 199,144 194,157 184,165 168,170 149,172 130,173 111,173 92,37 77,43 62,56 54,72 53,87 58,106 56,121 50,137 49,151 54,160 68,98 75,99 85,101 95,103 105,85 125,93 125,102 125,109 124,117 123,52 89,60 83,70 82,80 86,71 90,60 91,116 85,126 79,137 79,144 84,137 87,126 87,70 156,79 146,91 140,101 142,110 140,123 145,135 154,123 162,112 166,101 167,90 167,79 163,74 156,90 151,101 151,110 150,129 154,111 153,101 155,90 156
PratGM (,15 72,15 95,18 118,24 141,33 163,46 183,62 200,80 212,102 215,123 212,142 199,157 181,171 161,179 139,184 115,185 92,185 69,33 49,45 41,59 40,74 43,87 49,108 49,121 42,135 39,150 40,163 46,98 63,98 79,98 94,98 110,80 121,89 124,99 127,109 124,118 121,47 65,57 60,67 59,77 65,67 67,57 68,119 64,129 58,140 59,149 64,140 67,130 67,65 154,77 148,90 146,99 147,108 145,122 147,135 153,125 166,110 172,100 173,90 172,76 166,70 154,90 153,99 153,108 152,130 154,109 159,100 161,90 160
PratGM (,30 88,30 106,31 124,33 144,37 163,47 180,61 194,79 204,102 205,125 202,142 192,153 180,162 163,167 144,171 125,172 106,173 88,37 74,45 61,59 54,74 54,88 59,109 59,123 53,139 52,153 58,160 72,99 76,101 89,102 101,103 114,82 125,92 127,101 129,110 126,119 125,53 85,60 81,70 81,81 86,71 88,60 88,117 85,127 80,137 81,145 85,138 88,127 87,63 150,75 144,89 141,100 143,109 142,123 146,135 154,123 169,109 177,98 178,87 176,73 167,67 151,89 149,99 150,109 150,130 154,109 164,99 166,88 164
PratGM (,31 91,32 108,34 125,37 143,42 160,50 176,65 189,81 198,102 201,124 199,140 189,152 176,161 160,166 141,169 122,170 103,170 83,39 75,46 61,59 55,74 55,87 60,107 58,121 52,135 51,149 56,157 67,99 74,101 86,103 99,105 111,85 124,94 125,102 127,110 125,118 124,54 85,61 80,71 79,81 85,71 88,61 88,115 84,125 77,135 77,143 82,136 86,125 86,69 147,79 143,91 140,100 142,108 140,120 143,132 149,120 158,108 161,99 162,89 161,78 156,74 148,90 149,99 150,109 149,126 149,108 150,99 151,89 150
PratGM (,9 85,11 107,11 130,15 151,27 168,45 181,66 191,88 199,108 199,124 195,132 182,136 168,142 154,146 138,148 122,148 106,146 91,45 66,57 55,74 50,90 51,106 56,122 59,132 56,141 56,147 59,149 69,115 77,120 88,124 99,129 111,98 124,109 126,120 129,128 127,135 125,61 81,70 78,81 77,89 83,80 85,70 85,123 85,131 82,139 82,144 87,139 90,131 88,75 146,91 142,106 139,116 142,124 141,131 144,133 150,128 158,122 162,113 162,103 161,88 156,80 147,105 148,115 149,123 149,129 151,122 149,114 150,104 149
PratGM (,54 96,52 110,49 125,53 142,59 157,66 173,72 188,81 200,98 201,120 199,144 191,165 181,184 166,195 146,198 123,198 97,196 75,49 72,51 65,58 61,67 61,75 65,85 60,101 49,121 47,140 50,158 59,82 78,78 90,74 102,70 114,65 127,72 130,80 133,90 129,101 126,57 91,59 84,67 84,77 87,68 90,61 92,108 82,115 75,125 74,138 78,127 82,117 83,67 157,68 150,74 145,82 147,91 144,108 146,126 153,111 165,97 171,87 173,78 172,71 167,70 157,76 155,84 155,93 153,120 154,95 157,85 159,77 158
PratGM (,52 97,50 110,48 125,52 140,57 155,63 171,69 185,76 198,92 201,112 200,135 193,157 183,176 168,188 149,193 127,193 102,192 80,47 73,49 65,55 62,64 61,72 65,84 61,101 52,120 49,138 54,154 65,80 80,76 92,73 103,68 115,63 127,70 131,78 133,87 130,97 127,54 91,57 84,65 84,74 88,66 92,58 94,105 84,112 76,122 75,134 79,124 84,113 86,65 157,67 150,72 146,81 147,89 144,105 146,123 153,107 164,94 169,84 171,75 171,69 166,68 157,74 154,82 154,91 153,116 154,92 156,82 158,74 157
PratGM (,34 95,34 112,35 130,41 149,47 167,58 183,71 196,89 205,112 206,134 202,150 192,161 177,170 156,173 136,175 115,174 96,173 77,38 74,44 62,56 55,71 55,83 60,104 58,118 49,133 46,149 51,159 63,96 77,98 91,101 103,103 117,84 126,93 128,103 130,112 127,122 125,51 87,58 81,69 80,80 86,69 89,59 89,116 83,127 77,137 76,146 80,138 84,127 85,71 153,80 146,94 142,105 143,114 141,130 143,143 151,132 171,118 181,107 182,95 182,81 172,76 154,95 149,105 149,115 148,138 152,116 170,106 172,95 172
Rachan (,26 76,27 95,29 113,34 134,42 153,53 170,69 183,86 192,105 194,124 191,139 184,154 172,165 156,172 137,175 117,175 97,175 77,36 57,47 52,62 50,77 55,89 64,106 62,120 54,136 51,152 54,163 63,99 76,100 90,100 104,101 118,84 126,91 129,100 131,109 129,118 126,47 73,57 69,69 71,78 80,67 81,55 79,119 82,129 74,141 74,149 80,142 84,130 84,67 154,81 146,94 142,105 144,116 141,126 143,137 150,127 160,118 165,106 166,95 166,82 161,72 153,94 146,104 147,115 145,133 150,117 157,106 159,95 159
Rachan (1,20 97,23 114,26 130,33 148,41 165,53 178,68 190,88 198,110 199,130 194,147 184,159 169,166 152,171 133,172 114,171 96,168 78,34 73,41 63,54 58,69 56,84 59,106 58,118 51,132 48,146 48,155 58,95 77,97 91,98 105,100 120,84 130,92 132,102 132,110 129,118 126,51 89,58 84,67 82,78 86,68 90,59 91,117 83,126 78,136 77,144 80,137 84,127 85,71 155,84 152,96 149,105 149,113 146,125 146,139 147,127 157,117 161,108 162,99 164,85 163,76 155,97 154,106 153,115 151,134 148,115 151,107 154,98 154
Rachan (1,22 68,20 86,18 105,18 126,25 146,38 163,52 179,68 195,89 200,110 200,129 191,146 179,159 163,167 145,171 126,175 108,177 90,41 46,51 39,64 37,78 41,88 51,111 58,125 51,140 50,155 56,165 68,100 71,100 88,100 105,99 122,76 120,85 127,96 134,108 130,118 126,50 66,60 64,69 66,77 71,68 70,59 69,120 79,130 78,140 80,148 84,139 84,130 83,58 133,72 134,85 137,97 140,109 139,123 141,138 145,121 159,105 164,92 164,79 160,67 149,62 136,84 144,95 147,108 147,133 146,106 153,93 153,81 150
Rachan (,33 95,33 113,36 131,41 149,47 166,56 180,69 193,86 202,106 203,127 200,143 190,157 178,168 162,173 144,177 125,178 106,177 89,39 75,43 61,57 54,72 54,88 60,106 59,121 51,137 49,153 52,162 65,98 77,99 89,99 101,100 114,83 126,91 128,100 129,108 127,117 125,56 86,61 79,70 78,80 84,71 86,62 87,119 83,129 77,138 77,145 82,138 84,129 84,71 153,82 148,92 145,101 147,109 145,120 146,132 150,121 158,110 161,101 161,92 161,82 158,76 153,92 152,101 152,109 151,128 150,109 152,101 153,93 152
Rachan (,30 94,31 112,34 130,38 148,44 165,54 180,68 193,85 201,105 202,125 199,140 190,153 179,163 164,170 145,174 127,175 107,174 89,39 72,43 59,57 53,71 54,86 59,106 58,121 50,136 48,150 51,160 63,97 77,98 89,99 100,99 113,82 125,91 127,99 129,108 126,116 125,55 84,60 80,69 79,79 83,69 85,61 86,118 82,127 77,136 78,144 81,136 83,127 84,70 153,81 149,92 145,101 146,109 144,120 146,131 150,122 157,111 160,102 161,92 161,81 159,75 153,92 151,101 151,110 150,127 150,110 151,101 152,92 152
Rachan (,21 85,22 104,25 123,32 142,40 160,51 176,67 187,84 196,103 200,122 198,139 190,152 178,163 161,168 142,172 122,174 103,174 82,37 56,48 49,61 47,74 52,86 60,106 59,119 51,133 46,149 48,160 59,96 74,98 88,98 102,99 116,84 127,91 130,99 132,107 129,115 127,49 76,58 71,69 73,78 80,68 82,57 81,117 82,126 75,137 75,145 81,137 85,127 85,72 159,84 149,95 144,103 146,111 144,122 148,132 156,122 165,113 169,104 170,95 169,84 165,77 158,94 152,103 152,111 151,127 156,112 158,104 160,96 159
Rachan (,31 96,33 112,37 128,43 146,49 164,58 178,69 190,85 198,103 199,123 197,139 189,151 177,160 162,167 144,171 125,173 106,174 84,40 73,48 62,60 58,74 57,88 62,104 60,118 52,133 48,149 50,161 60,97 76,98 89,99 103,100 117,86 129,92 131,99 132,107 130,115 128,53 87,61 81,71 80,82 85,72 89,62 90,116 83,127 78,138 77,146 83,138 86,128 86,73 158,84 150,95 146,102 147,110 145,119 147,129 154,119 161,111 164,103 164,95 164,84 163,79 157,95 153,103 153,110 152,124 154,110 153,102 155,95 154
Rachan (,5 82,5 103,7 124,14 145,25 164,42 177,63 186,85 190,104 191,122 186,133 175,140 162,144 147,148 131,152 115,152 99,149 82,42 59,53 53,66 53,79 55,93 60,110 59,120 53,129 50,139 50,144 58,101 75,104 88,107 100,110 113,89 123,97 126,105 128,112 125,118 122,55 81,63 78,72 77,78 81,71 83,63 83,116 82,124 78,132 78,136 82,132 85,124 84,73 153,86 146,98 142,106 143,113 141,120 144,125 150,119 158,112 161,106 161,98 161,86 159,77 152,98 149,106 149,112 148,123 150,112 150,105 151,98 151
Rachan (,55 105,53 117,54 132,58 147,63 165,68 180,75 193,86 202,101 204,121 202,144 197,167 189,187 179,199 160,204 136,206 111,206 85,52 70,56 62,62 61,70 61,79 63,99 56,115 46,133 42,152 44,170 52,89 74,86 88,83 102,79 117,74 129,80 131,88 132,96 130,106 128,59 91,62 84,71 82,82 84,73 88,65 91,119 78,128 71,138 72,150 76,140 78,129 78,74 162,76 155,83 149,91 151,99 147,114 148,133 155,119 162,106 168,96 170,89 171,80 167,77 161,86 158,92 157,101 155,127 155,103 154,94 156,87 157
Rachan (,29 70,27 88,27 106,28 128,34 147,44 165,57 183,75 197,96 202,118 203,135 195,151 184,164 167,172 148,178 128,181 109,183 88,42 50,53 44,67 42,80 45,90 58,110 58,124 51,140 51,156 57,165 68,100 73,100 89,99 104,99 120,79 123,88 129,97 134,108 131,118 126,50 69,60 67,70 69,78 75,68 75,59 74,121 80,132 76,142 78,151 83,141 85,131 83,68 150,80 146,92 145,101 147,110 146,122 148,134 152,121 162,108 167,99 168,89 166,78 160,73 151,91 151,100 153,109 151,129 152,109 158,100 160,91 158
Rachan (,23 81,24 100,25 118,28 142,35 161,47 178,64 190,84 199,108 200,132 199,149 190,163 178,173 161,179 141,180 122,179 103,178 85,35 49,47 43,61 42,74 46,85 57,110 61,124 54,139 52,155 55,166 66,99 74,99 90,99 105,99 120,78 124,88 130,100 134,110 130,121 127,45 71,55 67,66 70,77 78,65 78,54 75,121 84,132 79,144 80,152 85,144 87,133 86,63 149,80 143,94 143,106 145,117 143,132 144,147 148,133 166,119 173,106 173,94 172,78 165,67 150,94 151,106 152,117 151,141 149,117 161,106 163,94 161
Rhea (,26 94,26 110,30 127,35 143,41 159,49 175,61 189,80 200,101 201,123 199,142 190,159 178,171 161,176 141,179 121,181 102,180 82,31 75,38 64,51 58,66 56,80 61,98 59,112 50,129 48,145 50,157 60,90 78,90 92,91 105,91 118,77 129,85 132,94 133,103 130,112 126,45 87,50 77,62 77,71 85,62 88,51 89,113 81,121 70,133 68,142 76,134 80,123 81,68 158,76 148,87 143,95 143,103 141,117 144,131 150,118 161,106 166,97 167,89 168,77 165,72 156,87 151,96 151,104 149,126 151,105 154,96 155,88 155
Rhea (1,30 94,29 108,31 125,35 141,41 158,50 175,62 188,80 199,102 199,123 196,142 186,156 174,167 157,172 139,176 120,178 101,177 84,36 74,43 62,55 53,70 52,84 56,101 54,115 46,131 44,147 49,157 59,92 79,93 93,94 107,94 121,79 130,87 133,97 134,106 131,114 127,49 86,54 77,65 76,74 84,65 88,55 89,116 81,124 69,135 67,144 74,137 79,126 81,70 156,79 148,90 144,99 144,106 142,120 144,132 152,121 162,109 167,100 168,91 168,80 165,75 156,91 152,99 152,107 151,127 152,107 155,99 156,90 157
Rhea (1,-2 40,-9 65,-15 91,-19 117,-16 146,-6 172,9 193,28 211,50 222,71 225,89 217,105 204,119 188,132 170,145 151,156 131,163 112,38 27,54 16,74 15,95 21,112 36,130 48,148 46,164 50,177 61,180 78,116 60,114 78,112 95,110 112,75 113,86 120,97 127,110 128,121 127,53 44,65 42,76 46,85 56,72 53,62 48,130 72,143 71,153 75,158 84,148 83,139 78,35 141,56 137,77 139,88 145,99 147,109 155,115 171,100 181,85 184,74 181,61 176,44 163,40 142,73 146,85 150,95 153,110 167,90 171,80 169,68 165
Rhea (1,27 84,27 101,30 119,35 138,41 157,52 176,65 191,85 201,109 201,133 199,152 189,166 174,178 155,184 134,187 112,188 92,186 71,36 72,43 62,56 57,71 56,86 60,109 57,123 50,138 48,153 49,164 56,99 79,100 95,101 109,101 124,82 132,92 135,102 138,113 133,123 128,52 86,59 82,67 82,77 83,68 84,60 85,122 79,130 75,139 74,148 76,140 78,131 79,71 155,81 150,93 147,103 148,113 145,126 145,141 149,128 160,114 166,104 167,94 167,82 164,75 155,94 155,104 154,113 153,136 150,113 156,103 156,93 157
Rhea (1,28 89,31 107,36 125,42 143,50 161,61 178,74 191,90 202,109 202,129 200,145 189,158 176,169 157,175 137,178 116,178 94,177 72,37 74,44 65,56 60,70 58,86 60,103 57,118 49,135 47,150 50,162 59,94 77,95 93,96 108,97 123,85 133,92 135,100 136,109 132,117 128,50 88,58 80,70 78,79 86,70 91,58 92,117 81,127 71,140 69,148 75,142 82,129 83,75 162,84 152,96 147,104 147,112 144,126 146,138 156,127 167,116 171,107 172,98 173,85 171,80 161,97 155,105 153,114 152,133 156,114 160,105 162,97 163
Rhea (1,27 87,28 102,30 119,35 137,41 158,50 176,64 190,85 200,107 201,129 200,147 191,161 178,170 161,175 141,179 122,180 105,182 84,37 71,46 63,57 58,70 57,84 61,107 58,122 51,138 50,153 55,164 66,98 76,98 90,98 104,98 118,85 131,92 132,99 134,107 131,114 128,50 86,58 77,70 77,80 85,69 89,58 90,118 83,127 73,140 72,148 80,141 85,128 85,72 158,82 150,94 145,101 146,109 143,121 147,134 152,123 164,113 168,105 169,96 169,84 165,76 157,95 154,102 152,110 151,128 153,111 157,104 158,96 159
Rhea (1,2 79,3 101,7 124,14 145,24 166,39 184,60 195,84 202,107 202,125 197,136 182,145 166,152 150,157 134,162 116,164 100,163 82,37 63,50 54,67 49,86 48,104 53,124 53,135 48,147 46,157 49,162 60,112 74,114 88,117 101,119 115,93 127,103 130,113 131,121 129,128 126,54 76,66 70,78 69,86 78,77 80,65 80,125 79,137 70,147 69,152 76,147 81,136 81,73 155,89 147,103 142,111 144,120 141,127 145,133 150,126 158,120 163,111 165,102 166,88 162,78 154,103 152,111 151,120 150,129 151,119 152,111 153,102 154
Rhea (1,43 103,44 120,45 135,51 150,58 164,65 178,74 191,86 201,106 202,128 200,148 193,166 182,180 166,188 146,190 124,191 102,189 80,40 77,41 68,49 64,60 62,70 64,88 58,103 50,121 47,139 49,153 58,81 82,80 95,79 108,77 120,73 134,79 135,86 136,94 132,103 128,50 96,52 86,62 85,72 92,63 95,54 97,108 83,115 72,126 70,138 76,129 81,118 83,72 163,75 154,83 148,90 149,96 145,111 147,127 152,115 165,103 171,95 173,87 173,79 170,76 163,85 158,92 156,99 155,121 154,100 156,92 158,85 159
Rhea (,30 88,30 105,32 124,36 143,42 160,53 176,66 189,84 200,106 201,128 198,145 188,159 176,170 160,176 141,179 122,182 103,183 83,36 72,44 62,57 56,72 55,87 60,109 59,124 51,140 50,155 54,166 64,98 78,98 94,98 108,98 123,82 129,90 133,99 137,109 133,118 129,50 83,58 75,69 75,78 84,69 86,58 87,119 81,128 70,139 69,148 76,141 80,130 81,67 150,77 145,90 143,101 145,111 142,127 143,142 147,128 166,113 173,102 175,90 174,77 167,71 151,91 150,101 150,112 149,138 149,112 162,101 164,90 163
Rhea (,27 86,27 103,30 120,35 138,40 156,49 172,63 186,81 198,102 201,123 199,141 189,156 176,167 158,172 139,175 118,178 99,178 79,32 70,41 60,55 54,72 53,86 60,102 58,117 50,135 48,152 52,164 64,93 75,94 90,94 103,93 118,78 127,86 130,95 132,104 129,113 126,48 81,55 74,65 73,75 80,66 83,55 84,117 78,127 70,138 69,146 76,138 80,127 79,67 151,77 146,88 143,95 144,103 142,115 144,129 147,116 158,105 161,97 162,89 162,78 159,72 151,88 150,96 150,103 149,125 148,104 150,96 151,88 151
Rhea (,30 91,30 108,33 125,37 141,43 158,52 173,65 187,82 198,102 200,122 198,140 189,155 176,166 159,171 140,175 121,177 102,178 83,34 71,42 60,54 55,70 54,84 59,104 57,118 49,134 47,151 50,162 61,94 77,94 92,94 105,94 119,79 128,87 131,95 133,104 130,113 127,48 84,55 76,66 75,75 83,66 87,55 88,117 81,126 71,137 70,146 76,138 82,127 82,69 152,78 146,88 142,96 144,103 141,116 143,130 148,117 160,105 163,97 164,89 163,79 160,74 152,89 150,96 150,104 149,125 149,104 151,97 152,89 152
Rhea (,53 95,55 111,56 127,62 142,67 159,74 177,83 192,96 203,113 207,134 207,157 201,173 190,185 175,194 156,197 133,197 110,197 87,51 57,57 54,65 54,72 58,78 63,107 66,120 62,135 60,149 62,165 66,90 78,88 90,85 103,83 115,79 129,85 132,93 132,101 130,109 129,60 79,66 75,74 76,80 81,73 84,65 83,121 84,129 79,139 80,151 84,140 88,130 87,80 166,84 156,90 153,98 155,106 153,121 158,137 167,125 174,112 179,104 179,96 179,87 174,83 166,92 160,99 161,107 161,131 166,109 167,101 168,94 166
Rhea (,5 83,8 105,12 131,19 152,32 171,51 185,73 195,98 201,119 199,134 191,142 174,147 158,152 142,157 124,160 108,158 91,155 76,42 65,55 56,72 50,89 49,105 54,128 56,136 50,144 45,153 45,156 52,117 75,121 88,127 100,132 112,105 125,115 127,125 129,132 126,137 121,59 80,68 73,79 73,88 79,79 81,68 83,124 77,132 68,142 67,148 71,143 76,134 77,83 150,100 143,114 140,122 141,128 138,134 139,137 142,134 152,128 158,122 160,114 161,100 159,87 150,114 147,122 147,128 145,134 144,127 147,121 149,113 150
Rhea (,39 98,40 112,43 128,48 143,55 159,62 173,71 187,85 199,103 200,124 199,142 189,159 177,174 160,182 139,185 118,187 95,186 73,39 73,43 65,51 61,61 60,72 62,89 56,104 49,120 46,137 47,151 54,83 78,83 91,82 103,81 116,71 128,78 130,86 131,96 128,105 124,50 86,54 78,64 77,73 84,64 86,55 88,107 78,114 67,124 65,134 72,126 76,116 78,70 156,75 148,83 144,90 144,97 142,110 143,125 147,113 160,101 163,94 165,86 165,78 163,74 155,84 151,91 150,98 149,120 149,99 150,92 152,85 152
Rhea (,26 92,28 110,32 127,37 144,43 161,54 176,67 186,86 196,105 197,124 194,140 185,154 174,165 158,171 138,174 119,175 98,173 79,36 68,45 59,58 54,72 55,85 60,102 57,116 49,131 46,147 48,159 59,93 78,95 91,96 104,96 118,83 128,90 130,99 131,107 128,114 125,50 82,55 74,65 74,74 83,65 85,55 86,117 79,124 68,135 66,143 72,137 78,126 80,73 153,82 146,94 141,102 142,108 139,120 142,131 146,120 157,110 160,102 161,94 162,83 160,77 152,94 149,102 149,109 148,127 147,109 149,101 150,93 150
Rhea (,34 91,33 106,35 121,39 139,46 157,57 173,71 187,88 199,109 200,129 198,146 189,161 175,173 158,180 138,182 119,184 99,184 78,40 73,46 66,55 60,68 58,80 62,103 60,118 53,135 52,152 56,166 66,92 79,91 94,91 108,91 123,79 129,86 132,94 135,104 129,113 126,52 85,59 78,69 77,78 85,68 87,59 88,117 82,128 73,139 72,147 77,139 82,128 82,68 147,76 144,90 142,99 143,108 140,126 140,143 142,129 159,113 168,103 170,93 170,78 163,72 148,91 148,100 147,110 146,139 142,111 159,101 161,91 161
Rhea (,27 104,29 120,33 137,38 152,46 169,58 183,73 195,94 203,116 202,137 198,154 187,169 174,181 157,186 137,187 118,186 99,184 80,32 83,39 72,51 64,67 60,82 64,102 59,117 50,134 48,151 52,164 61,94 76,95 90,96 102,97 116,81 127,90 129,101 131,112 127,122 121,47 91,54 85,64 83,75 87,66 88,56 91,118 79,126 72,136 70,146 74,138 77,127 78,66 152,78 142,93 138,105 138,115 134,132 134,150 138,136 159,120 168,109 171,96 172,80 166,70 151,94 145,105 144,116 141,144 139,118 158,106 161,95 162
Ritthwik (,26 91,27 110,31 129,36 147,42 165,54 179,68 192,85 202,105 203,124 200,139 188,151 173,160 157,165 138,168 119,169 100,168 80,34 67,40 55,54 51,69 51,83 58,96 57,111 50,127 48,143 50,153 61,92 75,93 87,94 100,95 113,78 122,87 125,97 127,106 123,115 119,50 81,56 77,65 76,74 81,65 83,57 84,112 79,120 73,129 73,136 77,129 80,120 80,70 147,80 142,91 138,100 139,108 137,118 138,130 143,120 159,110 166,101 168,91 167,80 161,74 148,91 145,100 145,108 144,126 145,109 155,100 157,91 156
Ritthwik (,24 93,27 111,31 130,36 147,43 163,54 178,66 191,82 201,101 203,121 201,135 189,147 173,157 156,163 138,166 119,166 100,165 81,34 75,40 62,53 56,67 56,82 59,103 59,116 54,130 53,142 56,150 66,93 76,94 89,95 103,96 116,80 123,88 126,97 129,106 125,114 121,51 86,57 83,64 81,71 82,65 85,57 86,115 80,121 77,129 77,135 80,129 82,122 82,67 146,78 142,90 140,99 141,106 139,118 140,131 143,120 159,108 167,100 168,90 167,78 161,71 148,90 146,99 146,107 145,127 144,108 156,99 157,90 157
Ritthwik (,32 86,32 106,34 125,39 144,46 161,57 177,70 191,86 201,107 202,128 201,145 192,158 178,169 161,176 143,179 123,179 103,178 83,38 70,46 59,59 55,73 55,86 60,111 58,126 53,141 52,155 56,165 66,100 82,100 95,100 108,100 121,84 127,92 130,101 133,111 129,121 126,54 85,63 80,73 81,83 87,73 90,62 90,119 85,128 78,138 78,146 82,139 87,129 88,71 149,82 144,95 142,104 144,113 142,128 143,142 146,130 165,116 174,105 176,94 175,81 165,76 150,95 149,104 150,114 149,137 148,115 163,104 164,95 163
Ritthwik (,32 87,32 106,34 125,38 144,45 161,56 177,68 191,85 200,106 202,127 201,144 192,157 178,168 162,175 144,177 124,178 104,177 83,38 71,46 59,58 55,72 55,86 59,110 58,125 53,140 52,155 56,165 67,100 82,100 96,100 109,100 122,84 127,92 131,101 134,111 130,120 127,54 86,63 81,74 81,83 88,73 90,62 90,118 86,127 78,138 78,146 83,139 87,129 88,71 149,82 144,94 142,104 143,113 141,128 142,142 145,130 165,116 174,105 176,94 175,81 165,76 150,94 149,104 150,114 149,137 147,115 162,104 164,94 162
Ritthwik (,7 83,8 109,10 135,17 160,33 179,56 192,81 201,106 205,129 204,144 198,151 183,155 167,160 153,165 137,168 122,166 106,162 90,44 64,59 51,78 46,98 48,115 56,131 59,142 54,152 54,162 58,164 68,124 79,128 91,132 103,137 115,106 125,118 128,130 132,139 128,146 124,64 79,76 75,86 76,94 83,85 83,75 82,132 84,141 78,150 78,155 84,150 85,142 85,81 148,100 143,119 141,128 143,137 141,146 141,153 144,146 163,137 173,128 175,117 175,99 167,86 149,119 148,128 148,137 147,148 146,137 162,127 164,118 164
Ritthwik (,25 80,26 100,28 121,31 142,35 161,46 178,60 193,80 202,103 203,125 202,144 194,158 181,169 165,174 146,176 126,177 105,177 85,35 62,44 51,58 48,73 49,88 54,110 54,125 51,140 49,155 52,165 62,100 76,100 90,100 103,99 116,82 125,91 128,100 130,109 128,118 125,52 81,60 77,71 77,81 82,71 85,60 85,118 82,128 76,139 77,147 81,139 85,129 85,71 152,81 146,93 143,101 145,109 142,121 146,132 152,122 162,110 167,101 168,92 167,81 161,76 153,92 154,101 154,109 153,128 153,109 153,101 155,93 154
Ritthwik (,63 96,60 111,58 127,64 143,72 160,79 175,84 190,90 203,105 206,124 203,147 195,169 183,189 167,203 146,207 122,208 96,207 71,58 66,61 60,66 58,74 58,81 60,93 55,109 47,126 44,144 46,159 54,90 82,86 94,82 105,78 117,73 127,80 131,89 133,98 128,109 124,67 90,71 82,79 81,86 87,80 90,72 91,114 82,121 73,131 72,140 76,133 80,123 82,78 151,79 146,86 144,93 144,102 142,119 141,139 144,122 164,106 173,96 175,89 175,82 168,81 152,87 150,94 150,103 148,134 146,104 163,95 165,88 164
Sandeep (,34 93,36 112,40 130,44 147,50 164,59 179,71 192,86 201,104 203,124 201,141 192,156 180,167 163,173 144,176 124,178 103,178 83,34 74,40 59,54 53,70 53,85 58,106 57,122 50,138 46,155 50,165 63,96 77,97 93,98 108,98 123,85 133,92 136,100 138,108 134,115 131,52 89,59 83,69 83,80 87,70 91,59 92,119 84,128 78,139 77,148 81,140 86,129 87,78 164,85 157,94 153,102 154,109 152,119 154,128 159,119 167,110 172,102 174,94 173,85 170,82 164,94 157,102 158,109 156,124 159,109 164,101 166,94 166
Sandeep (,8 77,6 98,5 120,7 141,16 158,30 170,47 181,65 189,81 194,94 192,104 184,111 174,118 161,124 146,129 131,133 117,137 102,42 58,55 47,73 43,89 46,104 53,122 60,131 58,139 58,146 62,148 70,111 77,113 89,115 101,117 113,92 123,99 125,106 129,112 128,118 126,58 77,68 73,77 73,85 79,76 81,66 80,120 85,127 82,135 84,139 90,133 91,125 89,72 148,85 143,96 141,101 144,105 143,110 149,109 158,105 163,99 163,95 162,89 160,81 155,78 148,94 148,99 149,103 150,106 156,101 155,98 154,93 153
Sandeep (,50 96,52 112,54 126,58 141,63 157,71 172,80 185,92 198,108 201,127 198,146 189,163 177,177 162,186 144,191 123,193 102,192 81,46 68,49 58,58 55,69 55,80 58,99 55,115 47,133 44,151 47,164 58,90 77,88 91,87 105,85 119,81 129,86 132,92 134,99 131,106 128,59 88,63 82,72 81,81 85,73 91,64 92,118 81,125 74,135 74,145 78,137 84,127 84,80 159,82 152,88 148,93 150,99 148,110 150,122 155,111 164,102 169,96 170,90 169,84 165,83 159,89 153,95 154,101 153,117 156,100 160,94 161,89 160
Sandeep (,59 99,60 113,63 126,67 141,73 156,81 170,90 182,100 194,113 198,130 196,149 186,167 175,183 161,193 143,197 122,198 99,197 78,52 69,53 61,60 58,69 57,79 60,94 56,111 48,129 44,148 47,163 57,88 78,86 92,84 105,82 119,80 129,86 133,92 135,99 131,106 127,64 90,67 83,75 82,83 86,76 91,68 93,116 81,123 73,133 72,144 76,135 82,125 83,84 159,85 154,89 150,94 151,99 148,111 149,125 152,114 160,105 165,99 166,94 166,89 163,87 159,92 154,96 154,101 153,119 153,102 158,97 159,92 159
Sandeep (,41 98,44 114,47 129,53 145,59 160,70 174,84 187,99 200,117 202,135 198,151 185,163 168,173 150,178 131,180 111,181 91,180 72,39 75,42 63,54 58,67 58,79 62,100 58,115 49,130 45,147 47,160 56,91 80,92 95,93 110,94 125,84 130,91 134,99 136,108 131,117 126,53 91,59 86,69 85,79 89,69 93,60 94,115 83,123 76,133 75,142 77,135 83,125 84,80 151,85 145,96 143,105 144,115 141,130 139,144 142,133 165,120 175,109 177,98 176,87 169,84 152,97 146,106 146,116 144,141 143,117 168,107 171,97 169
Sandeep (,8 83,7 103,7 125,9 145,18 162,32 175,51 186,71 195,88 198,101 196,111 186,117 174,123 160,128 144,133 130,136 115,139 100,40 60,53 48,71 44,88 46,104 54,124 59,133 57,141 57,147 61,150 70,112 78,114 90,117 102,119 114,94 124,102 127,109 130,115 129,120 127,57 79,67 75,77 75,84 81,76 83,66 83,121 86,128 82,136 84,140 90,134 91,127 89,74 150,88 145,100 143,105 146,110 145,115 150,114 159,110 165,104 167,99 166,94 165,84 160,79 150,98 150,103 151,108 152,111 157,106 157,102 157,97 156
Sandeep (,28 86,29 105,31 123,33 141,37 159,46 174,59 187,76 196,94 199,113 198,130 190,143 178,151 163,156 146,160 128,163 111,165 92,35 69,43 54,59 48,75 50,90 57,111 57,125 52,140 51,154 58,161 71,100 76,100 90,100 102,101 116,84 127,91 129,99 132,106 130,112 127,53 84,61 80,71 80,80 85,71 88,61 88,117 86,126 81,136 82,143 88,136 91,126 90,72 155,81 149,91 145,97 147,104 146,112 149,122 156,112 164,103 167,97 167,90 167,81 163,76 155,91 151,97 152,103 152,118 156,104 159,97 159,91 158
